,matrix_size,tuple_size,n_components,iteration,change_sim_matrix
0,30,5,5,0,6.139664823280115
1,30,5,5,1,5.712344650290155
2,30,5,5,2,5.192396295062567
3,30,5,5,3,4.285014470038031
4,30,5,5,4,3.982118844844774
5,30,5,5,5,3.811298645585801
6,30,5,5,6,3.273413640086702
7,30,5,5,7,3.0341441515992438
8,30,5,5,8,2.8605673887123055
9,30,5,5,9,2.7623990037035293
10,30,5,5,10,5.647578353488962
