,matrix_size,tuple_size,n_components,iteration,change_sim_matrix
0,30,5,5,0,6.532120568401505
1,30,5,5,1,5.721099891245021
2,30,5,5,2,5.135400365060845
3,30,5,5,3,4.984802361200831
4,30,5,5,4,4.998702185754372
5,30,5,5,5,3.8920006120173847
6,30,5,5,6,3.7320821992844286
7,30,5,5,7,3.4848867736516236
8,30,5,5,8,2.8248088283779658
9,30,5,5,9,3.0864763229957113
10,30,5,5,10,5.135099224359748
