,matrix_size,tuple_size,n_components,iteration,change_sim_matrix
0,30,5,5,0,6.7168198886417745
1,30,5,5,1,5.931994043090017
2,30,5,5,2,5.258511515740786
3,30,5,5,3,4.586115437773367
4,30,5,5,4,4.27780106804139
5,30,5,5,5,3.5390360887218386
6,30,5,5,6,3.728264054560361
7,30,5,5,7,3.146537909617948
8,30,5,5,8,3.3875518612983577
9,30,5,5,9,2.433898549776703
10,30,5,5,10,5.549619938072621
