,matrix_size,tuple_size,n_components,iteration,change_sim_matrix
0,30,5,5,0,6.694075966315899
1,30,5,5,1,6.42349951963769
2,30,5,5,2,5.410958736723395
3,30,5,5,3,4.681189821609607
4,30,5,5,4,4.390407230854151
5,30,5,5,5,3.6113334385265836
6,30,5,5,6,3.7719497864799325
7,30,5,5,7,3.0142319304518503
8,30,5,5,8,2.9166906529099927
9,30,5,5,9,3.073674727901571
10,30,5,5,10,5.7594080154668985
