,matrix_size,tuple_size,n_components,iteration,change_sim_matrix
0,30,5,5,0,7.092632877377401
1,30,5,5,1,5.856070076483628
2,30,5,5,2,5.005175248254538
3,30,5,5,3,4.784329080083394
4,30,5,5,4,4.382998073811564
5,30,5,5,5,4.095225536951901
6,30,5,5,6,3.362021793414479
7,30,5,5,7,3.288620064945284
8,30,5,5,8,3.5001630369276713
9,30,5,5,9,2.872430146650961
10,30,5,5,10,4.920338348049986
