,matrix_size,tuple_size,n_components,iteration,change_sim_matrix
0,30,5,5,0,6.7634027605755564
1,30,5,5,1,6.146517985185959
2,30,5,5,2,4.971440488464606
3,30,5,5,3,4.688437423751721
4,30,5,5,4,4.067433868711737
5,30,5,5,5,3.8843148804834873
6,30,5,5,6,3.150118793059087
7,30,5,5,7,2.736345257586112
8,30,5,5,8,2.815125761773047
9,30,5,5,9,2.1328905418066832
10,30,5,5,10,4.806853802098188
