,matrix_size,tuple_size,n_components,iteration,change_sim_matrix
0,30,5,5,0,7.142553270397523
1,30,5,5,1,5.803489966254964
2,30,5,5,2,5.463475418256833
3,30,5,5,3,4.992390934590082
4,30,5,5,4,4.199346731950994
5,30,5,5,5,4.1070138518937656
6,30,5,5,6,3.7138334174813035
7,30,5,5,7,3.119844817471128
8,30,5,5,8,2.5447107217159046
9,30,5,5,9,2.6302135388742256
10,30,5,5,10,5.245515178418529
