,matrix_size,tuple_size,n_components,iteration,change_sim_matrix
0,30,5,5,0,6.6248345444435754
1,30,5,5,1,5.971892189641964
2,30,5,5,2,4.960275972067946
3,30,5,5,3,4.25755620684904
4,30,5,5,4,4.263987836677077
5,30,5,5,5,3.826176910478451
6,30,5,5,6,3.8859219426752833
7,30,5,5,7,3.303805153584958
8,30,5,5,8,2.8669875225118417
9,30,5,5,9,2.272612976104134
10,30,5,5,10,5.014155726716413
