,matrix_size,tuple_size,n_components,iteration,change_sim_matrix
0,30,5,5,0,6.599477834868564
1,30,5,5,1,6.059175884101915
2,30,5,5,2,5.126242649859753
3,30,5,5,3,4.871070317628046
4,30,5,5,4,4.6542403956905085
5,30,5,5,5,3.8983123311011076
6,30,5,5,6,3.72658979732551
7,30,5,5,7,3.2157544121903396
8,30,5,5,8,2.898703891603459
9,30,5,5,9,2.619655159385041
10,30,5,5,10,4.93006547656371
