,matrix_size,tuple_size,n_components,iteration,change_sim_matrix
0,30,5,5,0,6.349652246769939
1,30,5,5,1,5.82515370075782
2,30,5,5,2,5.501715344476586
3,30,5,5,3,4.874826254038653
4,30,5,5,4,3.9957771196710614
5,30,5,5,5,3.424403022125392
6,30,5,5,6,3.4229586706781316
7,30,5,5,7,3.1745354620952386
8,30,5,5,8,2.8313470350118264
9,30,5,5,9,2.6455270661947448
10,30,5,5,10,5.538534463698234
