,matrix_size,tuple_size,n_components,iteration,change_sim_matrix
0,30,5,5,0,6.472504867480199
1,30,5,5,1,6.005508573426007
2,30,5,5,2,4.918858007318222
3,30,5,5,3,4.60282040443676
4,30,5,5,4,4.141948299485035
5,30,5,5,5,3.488037116787587
6,30,5,5,6,3.2752273013058373
7,30,5,5,7,3.08495203259775
8,30,5,5,8,2.7303231536129515
9,30,5,5,9,2.526077357301859
10,30,5,5,10,4.9490907389463485
