,matrix_size,tuple_size,n_components,iteration,change_sim_matrix
0,30,5,5,0,6.939979827329015
1,30,5,5,1,5.916474689837601
2,30,5,5,2,5.125418845900416
3,30,5,5,3,5.247303711953439
4,30,5,5,4,4.361873932986599
5,30,5,5,5,3.837062418276059
6,30,5,5,6,3.8020737582320936
7,30,5,5,7,3.4868489854900115
8,30,5,5,8,2.921369896207628
9,30,5,5,9,2.6562550182814575
10,30,5,5,10,5.320169348401893
