,matrix_size,tuple_size,n_components,iteration,change_sim_matrix
0,30,5,5,0,6.673163500754468
1,30,5,5,1,6.130444683495513
2,30,5,5,2,5.394854940584937
3,30,5,5,3,4.892714330355689
4,30,5,5,4,4.381436212250777
5,30,5,5,5,3.881094263890673
6,30,5,5,6,3.9111125050431705
7,30,5,5,7,3.4476935745615247
8,30,5,5,8,3.113356183779082
9,30,5,5,9,3.0950869113976025
10,30,5,5,10,5.460905145346744
