,matrix_size,tuple_size,n_components,iteration,change_sim_matrix
0,30,5,5,0,6.502794954940209
1,30,5,5,1,6.037587999397838
2,30,5,5,2,5.260808651566533
3,30,5,5,3,5.146204468753096
4,30,5,5,4,4.297387980478711
5,30,5,5,5,3.843507937958406
6,30,5,5,6,3.531969962663438
7,30,5,5,7,3.074463786456026
8,30,5,5,8,2.724700473479035
9,30,5,5,9,2.9164543284803
10,30,5,5,10,5.185130477309816
