,matrix_size,tuple_size,n_components,iteration,change_sim_matrix
0,30,5,5,0,6.408397581696088
1,30,5,5,1,5.929558181659098
2,30,5,5,2,5.186072398423103
3,30,5,5,3,4.948367044369847
4,30,5,5,4,3.9351699170227272
5,30,5,5,5,3.572321866946652
6,30,5,5,6,3.498765972847587
7,30,5,5,7,3.3139821801825833
8,30,5,5,8,2.622198075945863
9,30,5,5,9,2.533645107332766
10,30,5,5,10,4.717797041004068
