,matrix_size,tuple_size,n_components,iteration,change_sim_matrix
0,30,5,5,0,6.674741017555344
1,30,5,5,1,5.924760669670826
2,30,5,5,2,5.214524967370733
3,30,5,5,3,4.549161442581184
4,30,5,5,4,4.429251756383203
5,30,5,5,5,3.579333844107585
6,30,5,5,6,3.62794515158744
7,30,5,5,7,3.015664953557096
8,30,5,5,8,2.5930589716700405
9,30,5,5,9,2.5367292144235867
10,30,5,5,10,5.309807082239518
