,matrix_size,tuple_size,n_components,iteration,change_sim_matrix
0,30,5,5,0,6.782178914982589
1,30,5,5,1,5.791404593288609
2,30,5,5,2,5.256708663622476
3,30,5,5,3,4.68101406709535
4,30,5,5,4,4.489861033388536
5,30,5,5,5,3.2533653140735113
6,30,5,5,6,3.275030597557165
7,30,5,5,7,2.970182960495977
8,30,5,5,8,2.766305310134832
9,30,5,5,9,2.2763868504841716
10,30,5,5,10,5.276480741963945
