,matrix_size,tuple_size,n_components,iteration,change_sim_matrix
0,30,5,5,0,6.072010770680334
1,30,5,5,1,5.706343648863074
2,30,5,5,2,4.771679575210639
3,30,5,5,3,4.560355459199667
4,30,5,5,4,4.179944381884821
5,30,5,5,5,3.6252559200534726
6,30,5,5,6,3.488613025497095
7,30,5,5,7,2.90978495306441
8,30,5,5,8,2.83677326287799
9,30,5,5,9,2.722107914200099
10,30,5,5,10,5.42608907481581
