,matrix_size,tuple_size,n_components,iteration,change_sim_matrix
0,30,5,5,0,6.496623596386404
1,30,5,5,1,6.11498852841888
2,30,5,5,2,4.661406404668126
3,30,5,5,3,5.384190445504128
4,30,5,5,4,4.772227620509583
5,30,5,5,5,3.998792019200436
6,30,5,5,6,3.126757274355733
7,30,5,5,7,3.0373068969000045
8,30,5,5,8,3.0537083972962917
9,30,5,5,9,2.844156499423625
10,30,5,5,10,4.558029710053089
