,matrix_size,tuple_size,n_components,iteration,change_sim_matrix
0,30,5,5,0,6.450080740565669
1,30,5,5,1,5.645995216635762
2,30,5,5,2,5.221115272307151
3,30,5,5,3,4.933860948515784
4,30,5,5,4,4.122417311813702
5,30,5,5,5,3.800130527676647
6,30,5,5,6,3.952660302326814
7,30,5,5,7,3.3713325340113736
8,30,5,5,8,3.134942141036572
9,30,5,5,9,2.868905005923773
10,30,5,5,10,5.341083309678329
