,matrix_size,tuple_size,n_components,iteration,change_sim_matrix
0,30,5,5,0,6.726452052789174
1,30,5,5,1,5.798932269044345
2,30,5,5,2,5.529702295326001
3,30,5,5,3,4.5731006449601175
4,30,5,5,4,4.03468248842078
5,30,5,5,5,4.041134234772292
6,30,5,5,6,3.5810723760430876
7,30,5,5,7,3.603667859760065
8,30,5,5,8,3.455483582597589
9,30,5,5,9,2.9537929014427737
10,30,5,5,10,5.867260711835757
