,matrix_size,tuple_size,n_components,iteration,change_sim_matrix
0,30,5,5,0,6.019074028453386
1,30,5,5,1,6.072420132024549
2,30,5,5,2,5.380671559905181
3,30,5,5,3,4.5268555393938605
4,30,5,5,4,3.9146777670088375
5,30,5,5,5,4.041049329401851
6,30,5,5,6,3.298185007988354
7,30,5,5,7,2.7854549275926908
8,30,5,5,8,2.7847417319926193
9,30,5,5,9,2.513589710791303
10,30,5,5,10,4.473659432024807
