,matrix_size,tuple_size,n_components,iteration,change_sim_matrix
0,30,5,5,0,6.38928487632304
1,30,5,5,1,6.236069615358072
2,30,5,5,2,5.771644996994169
3,30,5,5,3,4.938412000751289
4,30,5,5,4,4.614030205374946
5,30,5,5,5,3.8866957044878476
6,30,5,5,6,3.2291646118029536
7,30,5,5,7,3.326066228425804
8,30,5,5,8,2.6067781208003846
9,30,5,5,9,2.1937039040413224
10,30,5,5,10,5.544058331358041
