,matrix_size,tuple_size,n_components,iteration,change_sim_matrix
0,30,5,5,0,6.758828177500615
1,30,5,5,1,5.934146774741983
2,30,5,5,2,5.167445197575778
3,30,5,5,3,4.733246303289974
4,30,5,5,4,4.5946845152465725
5,30,5,5,5,3.5878019000029386
6,30,5,5,6,3.310225229360588
7,30,5,5,7,2.959151190215993
8,30,5,5,8,2.613286386632563
9,30,5,5,9,2.544967317604986
10,30,5,5,10,5.377598112805561
